{
    "answers": {
        "phase": "design",
        "action": "orchestration design",
        "scope": "messaging design",
        "action experience":  4,
        "prog lang": "js-node",
        "other prog lang": "<fill in>",
        "aimodel": "chatgpt",
        "aimodel version": "4o",
        "lmstudio-hosted aimodel": "<fill-in>",
        "tool option": "online full",
        "experience with tool": 4,
        "time allocated (h)": "1",
        "time saved estimate (h)": "1", 
        "quality of ai help": 4,
        "knowledge acquired": 4,
        "generic feeling - now":  4,
        "generic feeling - future": 4,
        "threat level":  2,
        "notes": "<fill in>"
    }
}
