{
    "answers": {
        "phase": "deployment",
        "action": "container structuring",
        "scope": "container configuration",
        "action experience": 3,
        "prog lang": "yaml/json",
        "other prog lang": "<fill in>",
        "aimodel": "chatgpt",
        "aimodel version": "4o",
        "lmstudio-hosted aimodel": "<fill-in>",
        "tool option": "online full",
        "experience with tool": 4,
        "time allocated (h)": "1",
        "time saved estimate (h)": "0.5", 
        "quality of ai help": 4,
        "knowledge acquired":  4,
        "generic feeling - now":  4,
        "generic feeling - future": 4,
        "threat level": 2,
        "notes": "<fill in>"
    }
}
