{
    "answers": {
        "phase": "architecture",
        "action": "data design",
        "scope": "backend",
        "action experience": 2,
        "prog lang": "n/a",
	"other prog lang": "<fill in>",
        "aimodel": "chatgpt" ,
        "aimodel version": "4",
	"lmstudio-hosted aimodel": "<fill-in>",
        "tool option": "online full",
        "experience with tool": 4,
        "time allocated (h)": "0.3",
        "time saved estimate (h)": "2", 
        "quality of ai help": 4,
        "knowledge acquired": 5,
        "generic feeling - now": 4,
        "generic feeling - future": 5,
        "threat level": 3,
	"notes": "<fill in>"
    }
}