{
    "answers": {
        "phase": "coding",
        "action": "source code authoring",
        "scope": "messaging deployment",
        "action experience": 1,
        "prog lang": "js-node",
	"other prog lang": "<fill in>",
        "aimodel": "chatgpt",
        "aimodel version": "4o",
	"lmstudio-hosted aimodel": "<fill-in>",
        "tool option": "online free",
        "experience with tool": 4,
        "time allocated (h)": "0.2",
        "time saved estimate (h)": "0.5", 
        "quality of ai help": 4,
        "knowledge acquired": 3,
        "generic feeling - now": 4,
        "generic feeling - future": 4,
        "threat level": 3,
	"notes": "<fill in>"
    }
}