{
    "answers": {
        "phase": "coding",
        "action": "source code authoring",
        "scope": "frontend",
        "action experience": 1,
        "prog lang": "js-node",
	"other prog lang": "<fill in>",
        "aimodel": "chatgpt",
        "aimodel version": "4o",
	"lmstudio-hosted aimodel": "<fill-in>",
        "tool option": "online free",
        "experience with tool": 4,
        "time allocated (h)": "1",
        "time saved estimate (h)": "3", 
        "quality of ai help": 4,
        "knowledge acquired": 2,
        "generic feeling - now": 3,
        "generic feeling - future": 4,
        "threat level": 4,
	"notes": "really good in simple problems"
    }
}