{
    "answers": {
        "phase": "design",
        "action": "orchestration design",
        "scope": "messaging design",
        "action experience": 1,
        "prog lang": "js-node",
        "other prog lang": "<fill in>",
        "aimodel": "chatgpt",
        "aimodel version": "4ο",
        "lmstudio-hosted aimodel": "<fill-in>",
        "tool option": "online full",
        "experience with tool": 4,
        "time allocated (h)": "2",
        "time saved estimate (h)": "4", 
        "quality of ai help": 4,
        "knowledge acquired": 4,
        "generic feeling - now":  4,
        "generic feeling - future": 4,
        "threat level": 3,
        "notes": "<fill in>"
    }
}
