{
    "answers": {
        "phase": "coding",
        "action": "source code authoring",
        "scope": "backend",
        "action experience": 1,
        "prog lang": "js-node",
	"other prog lang": "<fill in>",
        "aimodel": "chatgpt",
        "aimodel version": "4o",
	"lmstudio-hosted aimodel": "<fill-in>",
        "tool option": "online free",
        "experience with tool": 4,
        "time allocated (h)": "1",
        "time saved estimate (h)": "0", 
        "quality of ai help": 1,
        "knowledge acquired": 1,
        "generic feeling - now": 1,
        "generic feeling - future": 2,
        "threat level": 1,
	"notes": "In microservoces context with many files and dependencies gpt is having a really hard time. However, claude projects excel at what gpt fails"
    }
}