{
    "answers": {
        "phase": "architecture",
        "action": "microservices definition",
        "scope": "uml sequence",
        "action experience": 2,
        "prog lang": "n/a",
	"other prog lang": "<fill in>",
        "aimodel": "chatgpt",
        "aimodel version": "4o",
	"lmstudio-hosted aimodel": "<fill-in>",
        "tool option": "online full",
        "experience with tool": 4,
        "time allocated (h)": "1",
        "time saved estimate (h)": "1", 
        "quality of ai help": 2,
        "knowledge acquired": 3,
        "generic feeling - now": 3,
        "generic feeling - future": 4,
        "threat level": 3,
	"notes": "Architecture suggestions. May suggest ok methods but its useful to also look online"
    }
}