{
    "answers": {
        "phase": "architecture",
        "action": "orchestration design",
        "scope": "uml component",
        "action experience": 4,
        "prog lang": "n/a",
        "other prog lang": "<fill in>",
        "aimodel": "chatgpt",
        "aimodel version": "4o",
        "lmstudio-hosted aimodel": "<fill-in>",
        "tool option": "online full",
        "experience with tool": 5,
        "time allocated (h)": "0.5",
        "time saved estimate (h)": "2", 
        "quality of ai help": 3,
        "knowledge acquired": 4,
        "generic feeling - now": 4,
        "generic feeling - future": 5,
        "threat level": 3,
        "notes": "very good at giving advice on architecture, can't exactly suggest architectures on its own"
    }
}
