{
    "answers": {
        "phase": "coding",
        "action": "api design",
        "scope": "backend",
        "action experience": 0,
        "prog lang": "js-node",
	"other prog lang": "<fill in>",
        "aimodel": "gemini",
        "aimodel version": "1.5",
	"lmstudio-hosted aimodel": "<fill-in>",
        "tool option": "online full",
        "experience with tool": 4,
        "time allocated (h)": "0.8",
        "time saved estimate (h)": "0", 
        "quality of ai help": 0,
        "knowledge acquired": 1,
        "generic feeling - now": 0,
        "generic feeling - future": 3,
        "threat level": 1,
	"notes": "<fill in>"
    }
}