{
    "answers": {
        "phase": "coding",
        "action": "code management",
        "scope":  "backend",
        "action experience": 3,
        "prog lang": "other",
	"other prog lang": "bash",
        "aimodel": "chatgpt",
        "aimodel version": "4o",
	"lmstudio-hosted aimodel": "<fill-in>",
        "tool option": "online free",
        "experience with tool": 4,
        "time allocated (h)": "1",
        "time saved estimate (h)": "4", 
        "quality of ai help": 4,
        "knowledge acquired": 2,
        "generic feeling - now": 3,
        "generic feeling - future": 4,
        "threat level": 4,
	"notes": "GPT is REALLY good in bash and scripts"
    }
}