{
    "answers": {
        "phase": "design",
        "action": "orchestration design",
        "scope": "messaging design",
        "action experience": 4,
        "prog lang": "js-node",
        "other prog lang": "react",
        "aimodel": "chatgpt",
        "aimodel version": "4o",
        "lmstudio-hosted aimodel": "<fill-in>",
        "tool option": "online full",
        "experience with tool": 5,
        "time allocated (h)": "0.5",
        "time saved estimate (h)": "3", 
        "quality of ai help": 4,
        "knowledge acquired": 4,
        "generic feeling - now": 4,
        "generic feeling - future": 5,
        "threat level": 2,
        "notes": "good at design, could get better though"
    }
}
