{
    "answers": {
        "phase": "design",
        "action": "orchestration design",
        "scope": "messaging design",
        "action experience": 0,
        "prog lang": "js-node",
	"other prog lang": "<fill in>",
        "aimodel": "gemini" ,
        "aimodel version": "1.5",
	"lmstudio-hosted aimodel": "<fill-in>",
        "tool option": "online full",
        "experience with tool": 4,
        "time allocated (h)": "1.5",
        "time saved estimate (h)": "5", 
        "quality of ai help": 5,
        "knowledge acquired": 5,
        "generic feeling - now": 5,
        "generic feeling - future": 5,
        "threat level": 3,
	"notes": "<fill in>"
    }
}