{
    "answers": {
        "phase": "architecture",
        "action": "data design",
        "scope": "backend",
        "action experience": 2,
        "prog lang": "js",
	"other prog lang": "<fill in>",
        "aimodel": "chatgpt" ,
        "aimodel version": "4",
	"lmstudio-hosted aimodel": "<fill-in>",
        "tool option": "online full",
        "experience with tool": 4,
        "time allocated (h)": "1",
        "time saved estimate (h)": "0", 
        "quality of ai help": 2,
        "knowledge acquired": 2,
        "generic feeling - now": 1,
        "generic feeling - future": 3,
        "threat level": 3,
	"notes": "<fill in>"
    }
}