{
    "answers": {
        "phase": "coding",
        "action": "source code authoring",
        "scope": "frontend",
        "action experience": 1,
        "prog lang": "js-node",
	"other prog lang": "<fill in>",
        "aimodel": "gemini",
        "aimodel version": "1.5",
	"lmstudio-hosted aimodel": "<fill-in>",
        "tool option": "online free",
        "experience with tool": 4,
        "time allocated (h)": "2",
        "time saved estimate (h)": "5", 
        "quality of ai help": 5,
        "knowledge acquired": 1,
        "generic feeling - now": 4,
        "generic feeling - future": 5,
        "threat level": 5,
	"notes": "<fill in>"
    }
}