{
    "answers": {
        "phase": "deployment",
        "action": "container structuring",
        "scope": "uml deployment",
        "action experience": 3,
        "prog lang": "n/a",
        "other prog lang": "<fill in>",
        "aimodel": "chatgpt",
        "aimodel version": "4o",
        "lmstudio-hosted aimodel": "<fill-in>",
        "tool option": "online full",
        "experience with tool": 5,
        "time allocated (h)": "0.2",
        "time saved estimate (h)": "1", 
        "quality of ai help": 3,
        "knowledge acquired": 3,
        "generic feeling - now": 3,
        "generic feeling - future": 4,
        "threat level": 1,
        "notes": "<fill in>"
    }
}
