{
    "answers": {
        "phase": "design",
        "action":  "code management",
        "scope": "frontend",
        "action experience": 3,
        "prog lang":"js-node",
        "other prog lang": "<fill in>",
        "aimodel": "chatgpt",
        "aimodel version": "gpt4",
        "lmstudio-hosted aimodel": "<fill-in>",
        "tool option": "online full",
        "experience with tool": 4,
        "time allocated (h)": "3",
        "time saved estimate (h)": "5", 
        "quality of ai help": 3,
        "knowledge acquired": 5,
        "generic feeling - now": 2,
        "generic feeling - future": 4,
        "threat level": 3,
        "notes": "<fill in>"
    }
}