{
    "answers": {
        "phase": "design",
        "action": "orchestration design",
        "scope": "messaging design",
        "action experience": 2,
        "prog lang": "js-node",
        "other prog lang": "<fill in>",
        "aimodel": "chatgpt",
        "aimodel version": "4ο",
        "lmstudio-hosted aimodel": "<fill-in>",
        "tool option": "online full",
        "experience with tool": 4,
        "time allocated (h)": "3",
        "time saved estimate (h)": "2", 
        "quality of ai help": 4,
        "knowledge acquired": 4,
        "generic feeling - now": 4,
        "generic feeling - future":  3,
        "threat level": 3,
        "notes": "<fill in>"
    }
}
