{
    "answers": {
        "phase": "coding",
        "action": "source code authoring",
        "scope": "api",
        "action experience": 1,
        "prog lang": "js-node",
	"other prog lang": "<fill in>",
        "aimodel": "gemini",
        "aimodel version": "1.5",
	"lmstudio-hosted aimodel": "<fill-in>",
        "tool option": "online full",
        "experience with tool": 4,
        "time allocated (h)": "48",
        "time saved estimate (h)": "120", 
        "quality of ai help": 3,
        "knowledge acquired": 3,
        "generic feeling - now": 4,
        "generic feeling - future": 5,
        "threat level": 5,
	"notes": "I straight up gave the LLM the code and dependencies and asked for the connection of apis with frontend. I dont even know javascript well enough and i dont think ill learn if this is the quality of responses i am getting. You only need to know a bit of softeng and understand programming, its scary!"
    }
}