{
    "answers": {
        "phase":"design",
        "action": "data design",
        "scope": "uml other",
        "action experience": 3,
        "prog lang": "n/a",
	"other prog lang": "<fill in>",
        "aimodel": "chatgpt",
        "aimodel version": "4",
	"lmstudio-hosted aimodel": "<fill-in>",
        "tool option": "online full",
        "experience with tool": 4,
        "time allocated (h)": "0.1",
        "time saved estimate (h)": "0.5", 
        "quality of ai help": 4,
        "knowledge acquired": 4,
        "generic feeling - now": 4,
        "generic feeling - future": 5,
        "threat level": 2,
	"notes": "<fill in>"
    }
}