{
    "answers": {
        "phase": "coding",
        "action": "code management",
        "scope": "github operations",
        "action experience": 5,
        "prog lang": "other",
        "other prog lang": "bash",
        "aimodel": "chatgpt",
        "aimodel version": "4o",
        "lmstudio-hosted aimodel": "<fill-in>",
        "tool option": "online full",
        "experience with tool": 5,
        "time allocated (h)": "0.1",
        "time saved estimate (h)": "0.5", 
        "quality of ai help": 5,
        "knowledge acquired": 3,
        "generic feeling - now": 5,
        "generic feeling - future": 5,
        "threat level": 0,
        "notes": "straightforward in git commands, a bit outdated though"
    }
}
